fracture_id,borehole_id,amplitude_mm,phase_rad,center_depth_mm,diameter_mm,azimuth_offset_rad,jrc
DEMO-F001,B01,18,0.2,1500,30,0,12
DEMO-F002,B01,12,1.0,3500,30,0,9
DEMO-F003,B02,20,0.25,1550,30,0,13
DEMO-F004,B02,10,1.1,3600,30,0,10
DEMO-F005,B03,16,0.3,1700,30,0,14
DEMO-F006,B03,14,1.2,3650,30,0,11
DEMO-F007,B04,17,0.22,1480,30,0,12
DEMO-F008,B04,11,1.05,3450,30,0,9
DEMO-F009,B05,19,0.27,1600,30,0,13
DEMO-F010,B05,13,1.15,3520,30,0,10
DEMO-F011,B06,15,0.32,1750,30,0,14
DEMO-F012,B06,12,1.25,3700,30,0,11
